{
  "GeneralInfo": {
    "BrowserVersion": "",
    "IsWinInetMode": false,
    "MaxUsedConnections": 0,
    "RecordedBrowser": "",
    "RecordingDate": "",
    "RecordingDuration": 0,
    "RecordingMode": "",
    "RecordingTimeStamp": 0,
    "RecordingType": "",
    "TotalBytesReceived": 0,
    "TotalBytesSent": 0,
    "TotalRequests": 0,
    "UserAgent": ""
  },
  "WebSocket": {
    "IncludeInScript": false,
    "IsScriptIncludeWebSocket": false
  },
  "NumberOfCorrelations": 5
}